,year,month,weekday,demand_national,renewable,wind,solar,Q1,Bank Holiday,af,rain,sun,tavg,demand_yoy_var,demand_1yr_var,demand_2yr_var
2009-01-31,2009.0,1.0,0.5483870967741935,42499.28696236559,1124.668682795699,579.6176075268817,0.0,1.0,0.0967741935483871,2.0070614281803687,0.4905718416125251,-1.1389705289230339,-1.4696386161931054,,,
2009-02-28,2009.0,2.0,0.5714285714285714,41721.263392857145,824.249255952381,420.3333333333333,0.0,1.0,0.0,1.6056612289724685,-0.8763811508138812,-1.2050866317914333,-1.262096037625706,,302660.33735533373,
2009-03-31,2009.0,3.0,0.5814266487213997,38034.520188425304,1221.4831763122477,642.0989232839838,0.0,1.0,0.1278600269179004,0.34041618092218423,-0.6274463453089723,0.3357265943693919,-0.7440735378837863,,5688589.745969368,
2009-04-30,2009.0,4.0,0.6,34244.0375,828.1861111111111,440.30694444444447,0.0,0.0,0.5,-0.49154776451620846,-0.8079040462515251,0.6752953292167908,-0.10111245137387607,,14379779.018814078,
2009-05-31,2009.0,5.0,0.5161290322580645,32551.792338709678,855.0356182795699,546.1323924731183,0.0,0.0,0.45161290322580644,-0.7175412369025764,-0.37796443034141536,1.5228893610333527,0.3740444024497545,,19425659.764311917,
2009-06-30,2009.0,6.0,0.6,32576.55486111111,385.40694444444443,232.98263888888889,0.0,0.0,0.0,-0.7465263716375015,-0.6627966760729802,1.5430510362758876,1.0317608379400722,,20105666.627258956,
2009-07-31,2009.0,7.0,0.5806451612903226,32090.24865591398,466.98118279569894,299.6518817204301,0.0,0.0,0.0,-0.7610189390049639,1.4140014296521637,0.9415377633770863,1.3896970454648037,,20111838.306658044,
2009-08-31,2009.0,8.0,0.5483870967741935,31451.002016129034,882.8951612903226,512.6727150537635,0.0,0.0,0.22580645161290322,-0.7610189390049639,0.2884148951640333,0.7209268624535297,1.4420730927120626,,20111983.596891373,
2009-09-30,2009.0,9.0,0.6,32944.92569444444,996.0569444444444,513.4097222222222,0.0,0.0,0.0,-0.7537726553212326,-1.040149249966561,0.19537524447191115,0.9476423675063109,,18408683.324444544,
2009-10-31,2009.0,10.0,0.5476510067114094,35012.852348993285,902.6677852348994,465.21208053691277,0.0,0.0,0.0,-0.634099182362641,0.3318189125341201,-0.6226784110373458,0.31147217696809987,,16374370.074782543,
2009-11-30,2009.0,11.0,0.5666666666666667,37565.06805555556,1235.85625,627.2618055555556,0.0,0.0,0.0,-0.507179425720318,3.408955953004624,-1.069897998561343,-0.3829379122916782,,15198150.733052071,
2009-12-31,2009.0,12.0,0.6129032258064516,40692.99260752688,838.2869623655914,408.0141129032258,0.0,0.0,0.12903225806451613,2.5940104065625986,0.27428399722472707,-1.1899391686759413,-1.5589495848017907,,16048718.649000054,
2010-01-31,2010.0,1.0,0.5161290322580645,43123.19220430108,851.8104838709677,593.950940860215,0.0,1.0,0.0967741935483871,2.978063441800354,-0.40741715641397386,-1.1297365927603726,-1.8753458069271332,,16824236.43570423,
2010-02-28,2010.0,2.0,0.5714285714285714,42269.984375,474.9427083333333,287.8846726190476,0.0,1.0,0.0,2.4726351548601007,-0.36061719192472247,-1.031024751234966,-1.6742014088760315,17117392.939833816,17420053.27718915,302660.33735533373
2010-03-31,2010.0,3.0,0.6137281292059219,38842.60901749664,768.9004037685061,523.7133243606999,0.0,1.0,0.1278600269179004,1.3966169239145252,-0.4514594681571501,-0.03959869149211955,-0.9510916216860417,12077981.326083379,17766571.072052747,5688589.745969368
2010-04-30,2010.0,4.0,0.5666666666666667,34613.472916666666,682.5472222222222,402.34305555555557,0.0,0.0,0.5,-0.23204023009258357,-1.249145064698155,1.1953786124914616,-0.3030573595602782,3272575.4133592825,17652354.43217336,14379779.018814078
2010-05-31,2010.0,5.0,0.5483870967741935,33110.15188172043,368.6948924731183,214.49798387096774,0.0,0.0,0.45161290322580644,-0.38421218745093955,-1.2895399800236766,1.4407022894388215,0.07841817302410632,-2112062.1475980505,17313597.616713867,19425659.764311917
2010-06-30,2010.0,6.0,0.6,32270.191666666666,348.4659722222222,248.5222222222222,0.0,0.0,0.0,-0.7610189390049639,-1.3197221853797665,1.66637095369307,1.133208615414185,-2582909.315908108,17522757.31135085,20105666.627258956
2010-07-31,2010.0,7.0,0.5483870967741935,31856.380376344085,747.9831989247311,532.5725806451613,0.0,0.0,0.0,-0.7610189390049639,0.3639104746512697,0.41434664514183966,1.5112644421298327,-2411234.8589299917,17700603.447728053,20111838.306658044
2010-08-31,2010.0,8.0,0.5806451612903226,31050.157930107525,569.4731182795699,369.2029569892473,0.0,0.0,0.22580645161290322,-0.7537726553212326,0.12628812439929757,0.3799867711005477,1.177496953382927,-2055810.5436343998,18056173.053256974,20111983.596891373
2010-09-30,2010.0,9.0,0.6,33044.99513888889,1076.8527777777779,763.9145833333333,0.0,0.0,0.0,-0.731155466853829,0.3446511162944129,0.10954835571198912,0.8589398128251919,-409311.03545160964,17999372.288992934,18408683.324444544
2010-10-31,2010.0,10.0,0.5154362416107383,35184.69932885906,1215.3684563758388,851.4302013422819,0.0,0.0,0.0,-0.4033797765498415,-0.033771788395434106,-0.2275582744477516,0.10359899750679985,1592839.0680278093,17967209.142810352,16374370.074782543
2010-11-30,2010.0,11.0,0.6,39709.84097222222,1304.0597222222223,878.2222222222222,0.0,0.0,0.0,1.3023603399375059,0.8393142306524041,-0.9921546689669938,-1.0934421234198932,3709936.8886352107,18908087.621687282,15198150.733052071
2010-12-31,2010.0,12.0,0.5806451612903226,43693.04637096774,810.5557795698925,624.8138440860215,0.0,0.0,0.12903225806451613,4.592008444085948,-1.1246970041994306,-1.286092738707959,-2.267510542825148,5997949.699256899,22046668.348256953,16048718.649000054
2011-01-31,2011.0,1.0,0.5483870967741935,41525.792338709674,1237.2163978494623,948.1538978494624,0.0,1.0,0.0967741935483871,1.8720993945708744,0.14029640626585133,-1.1986937202233083,-1.4009245570116169,1683498.8885557763,20354298.582814693,18670799.694258917
2011-02-28,2011.0,2.0,0.5714285714285714,39913.85119047619,1709.3199404761904,1216.5863095238096,0.0,1.0,0.0,-0.044295607377728745,0.3814787673963051,-1.2063911422635094,-0.8822569287085702,-130053.64283831418,18315538.04933193,18445591.692170244
2011-03-31,2011.0,3.0,0.6137281292059219,38564.37685060565,1199.627860026918,890.3384925975774,0.0,1.0,0.12920592193808883,0.8404097550996396,-1.2053250161741798,0.07802753905970206,-0.7702668064550673,1620242.1410546638,18190056.00744817,16569813.866393507
2011-04-30,2011.0,4.0,0.5333333333333333,32877.200694444444,1398.3527777777779,1014.8798611111112,0.0,0.0,0.5,-0.6338583479098092,-1.7022928893095721,1.4784968273143648,0.33101925090571027,2486553.8736919966,18945723.222409382,16459169.348717386
2011-05-31,2011.0,5.0,0.5806451612903226,32000.649865591397,1755.6189516129032,1418.3870967741937,0.0,0.0,0.45161290322580644,-0.617963274022915,-0.18919950773974414,1.2139681514325227,0.42821388341008576,2755125.014975533,19644728.375085913,16889603.36011038
2011-06-30,2011.0,6.0,0.6,32250.932638888888,1043.7375,728.7715277777778,0.0,0.0,0.0,-0.7530714020615167,-0.41376362618069235,1.105242180207717,0.7964904206336967,2604360.485966217,19657729.62164502,17053369.1356788
2011-07-31,2011.0,7.0,0.5161290322580645,31351.915994623654,903.7614247311828,638.122311827957,0.0,0.0,0.0,-0.7610189390049639,-0.6035011878270714,0.8535865449624541,1.1397089666647735,2565572.316371005,20056485.122355938,17490912.805984933
2011-08-31,2011.0,8.0,0.6129032258064516,31514.43077956989,1341.6041666666667,1005.3494623655914,0.0,0.0,0.22580645161290322,-0.7610189390049639,0.2732599630486796,0.25926963494094785,1.154136294927142,1439356.660556592,19662471.784225408,18223115.123668816
2011-09-30,2011.0,9.0,0.5666666666666667,32667.38611111111,2221.3131944444444,1740.463888888889,0.0,0.0,0.0,-0.7610189390049639,-0.12434683846803392,0.19670637760668275,1.0850369858810622,2599742.430947013,19875126.54287462,17275384.111927606
2011-10-31,2011.0,10.0,0.5476510067114094,33875.94161073826,2634.465100671141,2055.569798657718,0.0,0.0,0.0,-0.7199566647971536,0.4405721157205136,-0.4787771316331669,0.49026405048937666,3630218.447324956,20197078.93158636,16566860.484261403
2011-11-30,2011.0,11.0,0.6,37111.07083333333,2597.2375,2036.9902777777777,0.0,0.0,0.0,-0.5146452937581018,-0.21705541934838019,-1.0725252847698161,-0.0782612719056841,1473263.4209056385,18926064.144154236,17452800.723248597
2011-12-31,2011.0,12.0,0.5483870967741935,38429.26814516129,3338.559139784946,2616.7795698924733,0.0,0.0,0.12903225806451613,0.4787968241727936,1.6993219558718982,-1.4533163387636414,-0.9833862871026825,-8019589.257009776,13501247.727187986,21520836.984197762
2012-01-31,2012.0,1.0,0.5806451612903226,39334.375,2937.1612903225805,2222.8830645161293,0.0,1.0,0.0967741935483871,0.6843731131099602,0.049729273592733374,-1.0791015362509746,-1.0178220416657564,-10732735.68871141,11370463.066334056,22103198.755045466
2012-02-29,2012.0,2.0,0.5862068965517241,40661.40014367816,2549.4935344827586,1990.4102011494253,0.0,1.0,0.0,1.5713182359986637,-1.1545255226301718,-1.0133934768858115,-1.149642261999816,-6229395.017859051,12086143.031472879,18315538.04933193
2012-03-31,2012.0,3.0,0.5491251682368775,36447.10228802153,1821.5376850605653,1396.9327052489905,0.0,1.0,0.1278600269179004,-0.2025720097787432,-1.5563793839110551,0.5692572637008845,-0.35048217622458,-7081983.579497792,11108072.427950379,18190056.00744817
2012-04-30,2012.0,4.0,0.5666666666666667,34972.819444444445,1614.357638888889,1402.6319444444443,0.0,0.0,0.5,0.1847379572652486,1.1105191818597826,0.1453745560970525,-0.6644663991976999,-8233575.493902089,10712147.728507293,18945723.222409382
2012-05-31,2012.0,5.0,0.6129032258064516,33474.76948924731,1403.8064516129032,1192.7399193548388,0.0,0.0,0.45161290322580644,-0.47490760904086593,-0.8162842158389965,1.3800837344186374,0.2679946063911542,-9569173.321591293,10075555.05349462,19644728.375085913
2012-06-30,2012.0,6.0,0.5333333333333333,31388.45,1610.4659722222223,1439.51875,0.0,0.0,0.0,-0.7451238651180695,1.500620805956941,-0.010617608133994429,0.7156214490577908,-9061759.400241537,10595970.221403481,19657729.62164502
2012-07-31,2012.0,7.0,0.5806451612903226,31265.99193548387,1244.331317204301,1023.2842741935484,0.0,0.0,0.0,-0.7610189390049639,0.6313431063518946,0.3256599000376817,1.1093482995582635,-9401307.339409912,10655177.782946026,20056485.122355938
2012-08-31,2012.0,8.0,0.5806451612903226,31019.549731182797,1497.8413978494623,1262.3817204301076,0.0,0.0,0.22580645161290322,-0.7445940293218397,0.32800217271136023,0.47166856575794186,1.415359525333759,-8664688.734828075,10997783.049397333,19662471.784225408
2012-09-30,2012.0,9.0,0.5333333333333333,31908.109722222223,2685.934027777778,2333.985416666667,0.0,0.0,0.0,-0.7185407243072289,0.3626515702513579,0.41734169469507587,0.6730726134382834,-8499827.688930588,11375298.853944032,19875126.54287462
2012-10-31,2012.0,10.0,0.6120805369127517,35059.018791946306,2006.4892617449664,1619.3120805369128,0.0,0.0,0.0,-0.3093339227190501,1.0545322757102396,-0.5076294423293413,-0.16805240701226543,-8944938.85170151,11252140.07988485,20197078.93158636
2012-11-30,2012.0,11.0,0.5666666666666667,38093.37222222222,2943.383333333333,2419.945138888889,0.0,0.0,0.0,0.20858056809559009,1.0956591857650975,-1.0188412905049933,-0.795451353158675,-7232430.459569896,11693633.68458434,18926064.144154236
2012-12-31,2012.0,12.0,0.5483870967741935,38764.85954301075,3429.1202956989246,2961.8004032258063,0.0,0.0,0.12903225806451613,1.3609734248954288,2.0493257799444407,-1.2527160880048505,-1.1849892162426183,-1599431.7315658648,11901815.99562212,13501247.727187986
2013-01-31,2013.0,1.0,0.6129032258064516,40389.43346774193,3260.5631720430106,2733.02688172043,52.456989247311824,1.0,0.0967741935483871,1.727354877988343,0.4125957167693863,-1.4270264593519022,-1.3277564882845274,1417370.3011744823,12787833.367508538,11370463.066334056
2013-02-28,2013.0,2.0,0.5714285714285714,40405.13913690476,2941.0803571428573,2424.5,105.20907738095238,1.0,0.0,1.678874902633315,-0.9561071575097757,-0.8400799427385489,-1.4773324468221856,456757.2717116475,12542900.303184526,12086143.031472879
2013-03-31,2013.0,3.0,0.5168236877523553,39649.738896366085,2824.335800807537,2509.93068640646,153.8034993270525,1.0,0.12920592193808883,2.704107168337999,-0.614992251411917,-0.6770743708036739,-1.6064190681170596,2977485.1844616868,14085557.612412065,11108072.427950379
2013-04-30,2013.0,4.0,0.6,35328.799305555556,3296.3368055555557,2688.179166666667,320.50347222222223,0.0,0.5,0.7172229324762085,-1.025715981285272,0.7929935159327802,-0.6720597298621043,3347738.7208564263,14059886.44936372,10712147.728507293
2013-05-31,2013.0,5.0,0.5806451612903226,31808.733870967742,3091.3252688172042,2374.0799731182797,352.3991935483871,0.0,0.45161290322580644,-0.5721324776490363,-0.058502813071000484,1.0125245975798285,0.06904934298376011,4847973.824223043,14923528.877717663,10075555.05349462
2013-06-30,2013.0,6.0,0.5333333333333333,30425.334722222222,2280.4395833333333,1736.9715277777777,392.22569444444446,0.0,0.0,-0.7610189390049639,-1.3067424850245277,0.9362340297932309,0.8295214090238562,5111431.331854718,15707401.5532582,10595970.221403481
2013-07-31,2013.0,7.0,0.6129032258064516,31036.717741935485,1724.7056451612902,1125.4939516129032,455.2291666666667,0.0,0.0,-0.7610189390049639,-0.9586550944900394,2.108013132842843,1.8363970551238729,5226566.598174633,15881744.38112066,10655177.782946026
2013-08-31,2013.0,8.0,0.5483870967741935,30184.262768817203,2091.3118279569894,1540.0342741935483,370.067876344086,0.0,0.22580645161290322,-0.7610189390049639,-0.6903092225672447,0.6599407085072007,1.5201348329514317,5595831.970849726,16593615.020247059,10997783.049397333
2013-09-30,2013.0,9.0,0.5666666666666667,32024.53402777778,2527.9354166666667,2004.9659722222223,265.18402777777777,0.0,0.0,-0.7528064841634018,-0.46007791291822053,-0.16611059743950207,0.8868510555401091,5148609.988956679,16523908.84290071,11375298.853944032
2013-10-31,2013.0,10.0,0.6120805369127517,33430.41342281879,3509.8355704697988,2952.6469798657718,166.3234899328859,0.0,0.0,-0.7281691196387156,1.8063518622992414,-0.7072994125450817,0.5126264092960476,5553543.365042638,16805683.444927488,11252140.07988485
2013-11-30,2013.0,11.0,0.5333333333333333,37523.55902777778,3584.2993055555557,2947.983333333333,129.40555555555557,0.0,0.0,0.42978701302153605,-0.06994180287050604,-0.9201850389144763,-0.8153838461527365,4831933.436127957,16525567.120712297,11693633.68458434
2013-12-31,2013.0,12.0,0.5806451612903226,36814.76075268817,4965.965725806452,4216.233198924731,85.27755376344086,0.0,0.12903225806451613,-0.11726844658574365,1.8324342764239387,-1.3693717554521074,-0.7984886854244366,3634482.4003013577,15536298.395923479,11901815.99562212
2014-01-31,2014.0,1.0,0.5806451612903226,38265.165994623654,4653.606182795699,3829.310483870968,103.01411290322581,1.0,0.0967741935483871,0.11771372904217756,2.3678838363304915,-1.314595626956256,-0.9931057503531202,1011448.1886190753,13799281.556127613,12787833.367508538
2014-02-28,2014.0,2.0,0.5714285714285714,37507.78422619047,5547.271577380952,4604.7671130952385,211.18005952380952,1.0,0.0,-0.331851944058817,1.6524176145203533,-0.7638725707728748,-0.9184633099220254,-2221908.385854913,11515241.456186667,13737149.84204158
2014-03-31,2014.0,3.0,0.5491251682368775,35185.30080753701,4143.919919246298,3039.6944818304173,401.37685060565275,1.0,0.1278600269179004,0.033734755339752426,-0.5829892892957241,0.14121476505089117,-0.5915704248194181,-3980055.747857947,8996036.6623218,12976092.410179747
2014-04-30,2014.0,4.0,0.6,32213.713194444445,3329.970138888889,2286.2034722222224,542.7333333333333,0.0,0.5,-0.5225928307015489,-0.674097722070261,0.4696718660557842,-0.05965761177789364,-3790410.561744621,9124545.698526546,12914956.260271167
2014-05-31,2014.0,5.0,0.5483870967741935,30651.46438172043,2737.7399193548385,1802.836693548387,649.6438172043011,0.0,0.45161290322580644,-0.6505755807908533,0.19420264569602136,0.5574259422201189,0.39709431963544944,-4302478.254913202,9669522.42253349,13972000.677446691
2014-06-30,2014.0,6.0,0.5666666666666667,29900.120833333334,2206.06875,1238.39375,773.0791666666667,0.0,0.0,-0.7610189390049639,-0.8115518237973318,1.1821151187407766,1.1458342534007262,-5589429.266334087,10012086.582891548,15601515.849225635
2014-07-31,2014.0,7.0,0.6129032258064516,29983.89314516129,2607.5954301075267,1694.1176075268818,803.6283602150538,0.0,0.0,-0.7610189390049639,-0.8902349685864546,1.7281750491614107,1.6534990305205868,-5205375.405187827,10619657.612989025,15825033.018176852
2014-08-31,2014.0,8.0,0.5161290322580645,28842.30443548387,3833.2540322580644,2851.3958333333335,663.8010752688172,0.0,0.22580645161290322,-0.7528064841634018,1.1673827208724654,0.9045863395140361,1.1297490479432968,-4977384.570831258,11613003.437649863,16590388.00848112
2014-09-30,2014.0,9.0,0.6,31120.252083333333,2131.19375,1381.1131944444444,534.7479166666667,0.0,0.0,-0.7610189390049639,-1.8267044045362724,0.05394234890242854,1.1089559774739364,-4084872.1928425673,11928435.567122586,16013307.759965153
2014-10-31,2014.0,10.0,0.5798657718120805,32364.828187919462,4704.640268456375,3956.9422818791945,340.72751677852347,0.0,0.0,-0.6656484956835979,1.5668096908595366,-0.6231052417707778,0.4654212036656675,-3378102.2682611085,12027478.32458311,15405580.592844218
2014-11-30,2014.0,11.0,0.5333333333333333,35667.69236111111,3991.3708333333334,3206.228472222222,187.29791666666668,0.0,0.0,-0.301121467877488,0.9303141117129916,-1.148445252990483,-0.3626441608387345,-4935402.676309135,10911081.883193139,15846484.559502274
2014-12-31,2014.0,12.0,0.6129032258064516,36631.04905913978,5800.038306451613,4998.729838709677,190.7923387096774,0.0,0.12903225806451613,1.1853328584452465,0.5371977258182068,-1.1070203022618423,-1.1057021885551295,-4586192.029733311,10793480.13880947,15379672.168542782
2015-01-31,2015.0,1.0,0.5483870967741935,37972.21169354839,6246.334677419355,5296.075268817204,229.15591397849462,1.0,0.0967741935483871,1.2524484376676674,1.2372425202586048,-1.0705240471137902,-1.222248904295885,-4572639.231561126,10530544.00132913,15103183.232890256
2015-02-28,2015.0,2.0,0.5714285714285714,38506.00818452381,4836.006696428572,3876.373511904762,372.78050595238096,1.0,0.0,1.2838823165439914,-0.5250425465760699,-0.8052250535627636,-1.3073557398994942,-1837152.2808484249,11400859.596188324,13238011.877036748
2015-03-31,2015.0,3.0,0.5814266487213997,35321.95356662181,5439.550471063257,4104.420592193809,747.5807537012113,1.0,0.1278600269179004,0.33945000976435336,-0.3967120479281584,0.0580231039187124,-0.845200324561631,858654.090175502,11450419.745297017,10591765.655121515
2015-04-30,2015.0,4.0,0.6,31044.95902777778,4362.070833333333,2536.259722222222,1374.4354166666667,0.0,0.5,-0.16972219041249492,-1.3929375894701481,1.4982550784579864,-0.2900645752381362,3259335.7856094018,11787571.334826333,8528235.549216932
2015-05-31,2015.0,5.0,0.5161290322580645,29167.494623655915,5485.538306451613,3707.421370967742,1323.1182795698924,0.0,0.45161290322580644,-0.5557075679659121,0.3473568212733276,0.8715659181896084,0.10735769618568033,3489672.769553922,12649870.142332291,9160197.37277837
2015-06-30,2015.0,6.0,0.6,28697.68125,4541.19375,2673.5291666666667,1498.2798611111111,0.0,0.0,-0.7363815744802776,-1.1037841594665707,1.272615532741061,0.8174606688185607,3440726.8662940804,13457594.993427835,10016868.127133755
2015-07-31,2015.0,7.0,0.5806451612903226,28431.092741935485,4462.028225806452,2763.5826612903224,1310.2439516129032,0.0,0.0,-0.7610189390049639,0.2934118282562196,0.6452275275769279,1.2235140260975832,4237900.167449165,14494066.019843085,10256165.85239392
2015-08-31,2015.0,8.0,0.5483870967741935,28159.56384408602,4109.093413978495,2713.5315860215055,1099.7439516129032,0.0,0.22580645161290322,-0.7610189390049639,0.5342007817617004,0.4678956352790735,1.2862855595899922,3520332.358869355,15025930.73933773,11505598.380468374
2015-09-30,2015.0,9.0,0.6,29997.602777777778,3672.204166666667,2411.4,1103.425,0.0,0.0,-0.7528064841634018,-0.8424299691595487,0.4743599505648082,0.6581779025815718,4373650.369853361,15465062.37713524,11091412.007281879
2015-10-31,2015.0,10.0,0.5476510067114094,32464.625503355706,3368.31677852349,2583.944966442953,607.7744966442953,0.0,0.0,-0.6378321163815328,-0.4874471128113397,-0.5919900047454915,0.2281928981585679,4434949.354411066,15460472.73817225,11025523.383761184
2015-11-30,2015.0,11.0,0.5666666666666667,34217.45,5793.353472222222,4966.656944444445,246.99930555555557,0.0,0.0,-0.292909013035926,1.5752771412527795,-1.510010130931773,-0.18923779956595352,3412521.700583294,14845788.81613531,11433267.115552016
2015-12-31,2015.0,12.0,0.6129032258064516,33152.06384408602,6764.9536290322585,5726.908602150537,196.6478494623656,0.0,0.12903225806451613,-0.44894565502560524,2.739538235756105,-1.636763123899353,-0.23396251717929503,2371359.1149238423,13273578.586970253,10902219.47204641
2016-01-31,2016.0,1.0,0.5161290322580645,36022.51276881721,5750.567204301075,4766.193548387097,303.6431451612903,1.0,0.0967741935483871,0.7582852066840189,2.1525363180820363,-1.3766181114545202,-1.0327302808702035,-84131.6030906532,11565805.123472504,11649936.726563158
2016-02-29,2016.0,2.0,0.5862068965517241,35941.121408045976,5617.730603448276,4267.617816091954,688.1408045977012,1.0,0.0,1.2694397235467614,0.19781964714352882,-0.6791617101633636,-1.2129143443584363,-2274891.858124949,9125967.738063375,11400859.596188324
2016-03-31,2016.0,3.0,0.6137281292059219,34389.51547779273,4606.0733512786,3031.769851951548,1082.64333781965,1.0,0.12920592193808883,0.520124016278719,-0.20759454367278043,-0.16281188313989617,-0.9067948918010575,-2834706.3156804238,8615713.429616593,11450419.745297017
2016-04-30,2016.0,4.0,0.5333333333333333,31300.13888888889,5129.052083333333,3162.2083333333335,1621.3027777777777,0.0,0.5,0.035589180626556825,-0.4912708000558474,0.708822413090641,-0.606276175206148,-3201793.9273463115,8585777.407480022,11787571.334826333
2016-05-31,2016.0,5.0,0.5806451612903226,27875.497983870966,5218.797715053764,3062.1881720430106,1910.736559139785,0.0,0.45161290322580644,-0.6590712237304003,-0.8178343593164995,1.3500126049459376,0.45391338012426813,-3299917.6520236693,9349952.490308622,12649870.142332291
2016-06-30,2016.0,6.0,0.6,28247.027083333334,3654.8381944444445,1894.3138888888889,1627.6256944444444,0.0,0.0,-0.7610189390049639,0.21373445351256065,0.1931622356353534,1.0626619715232843,-3843017.765984645,9614577.22744319,13457594.993427835
2016-07-31,2016.0,7.0,0.5161290322580645,27026.538306451614,4708.291666666667,2578.0235215053763,1852.9254032258063,0.0,0.0,-0.7610189390049639,-0.6736710159087116,0.5937474861442319,1.436544917887447,-3884592.9003373142,10609473.11950577,14494066.019843085
2016-08-31,2016.0,8.0,0.6129032258064516,26726.0685483871,4982.885080645161,2903.2439516129034,1759.815188172043,0.0,0.22580645161290322,-0.7610189390049639,-0.4513840047829917,1.021031370269228,1.4879391109343574,-3357340.995239921,11668589.744097808,15025930.73933773
2016-09-30,2016.0,9.0,0.5666666666666667,28237.98888888889,5069.0048611111115,3489.965277777778,1222.9729166666666,0.0,0.0,-0.7610189390049639,0.07962031609686214,-0.1214926786783765,1.291778068770578,-3074849.4945041537,12390212.882631086,15465062.37713524
2016-10-31,2016.0,10.0,0.5476510067114094,30811.514093959733,4572.980536912752,3363.7973154362417,905.003355704698,0.0,0.0,-0.662469480906219,-1.1872852214547376,-0.2604754573216702,0.19052997806312227,-3192561.160034124,12267911.578138126,15460472.73817225
2016-11-30,2016.0,11.0,0.6,35480.88680555556,4991.053472222222,4162.6194444444445,532.475,0.0,0.0,0.7418602970008946,0.43840191485200947,-0.8523970840262324,-0.9260186739331078,-1743035.2359136846,13102753.580221625,14845788.81613531
2016-12-31,2016.0,12.0,0.5483870967741935,34672.12096774193,5559.17876344086,4742.066532258064,308.3817204301075,0.0,0.12903225806451613,0.4462119227046603,-0.6317137991176277,-1.3594090558965513,-0.7420196163834831,542547.1568985209,13816125.743868774,13273578.586970253
2017-01-31,2017.0,1.0,0.5806451612903226,37050.409946236556,5770.441532258064,4660.389784946236,389.4361559139785,1.0,0.0967741935483871,1.7766296070377154,-0.4672952476037995,-1.1553463463360645,-1.2249681021907068,3203347.2700092886,14769152.393481793,11565805.123472504
2017-02-28,2017.0,2.0,0.5714285714285714,35068.30877976191,7183.9233630952385,5944.21875,553.8266369047619,1.0,0.0,0.18199742728474952,-0.2533754477083721,-1.1765369787343223,-0.8841754943874134,4998702.99722874,14124670.735292114,9125967.738063375
2017-03-31,2017.0,3.0,0.5814266487213997,32089.731493943473,7052.942126514132,5051.331090174966,1168.9764468371468,1.0,0.12920592193808883,-0.1286599162046845,-0.017133581736900588,-0.06750691048129565,-0.4175692526445925,4702661.471685674,13318374.901302267,8615713.429616593
2017-04-30,2017.0,4.0,0.5333333333333333,28454.92361111111,6450.152083333333,4385.871527777777,1814.3590277777778,0.0,0.5,-0.34218374208529834,-1.6710333293342035,0.7858700628476403,-0.26338667350386186,5363426.948970595,13949204.356450617,8585777.407480022
2017-05-31,2017.0,5.0,0.6129032258064516,27604.02889784946,5798.840053763441,3717.019489247312,1921.6841397849462,0.0,0.45161290322580644,-0.6378321163815328,-0.9312015189712259,1.3499252493339682,0.6511161050636756,4758547.131645324,14108499.621953946,9349952.490308622
2017-06-30,2017.0,6.0,0.5666666666666667,26416.974305555555,6693.250694444445,4537.139583333334,1954.1243055555556,0.0,0.0,-0.7528064841634018,0.285557767970204,0.7407945670714366,1.245091740735599,5674320.65238782,15288897.87983101,9614577.22744319
2017-07-31,2017.0,7.0,0.5483870967741935,26255.08938172043,5711.422715053764,3609.9529569892475,1879.317876344086,0.0,0.0,-0.7610189390049639,0.2463908094386257,0.8826600809097203,1.4028052186352769,5258759.572944408,15868232.692450179,10609473.11950577
2017-08-31,2017.0,8.0,0.6129032258064516,26137.77889784946,5701.44623655914,3646.605510752688,1711.184811827957,0.0,0.22580645161290322,-0.7610189390049639,0.0608903066307552,0.7459097234611993,1.2623539124460113,4657713.937954567,16326303.682052376,11668589.744097808
2017-09-30,2017.0,9.0,0.5333333333333333,27977.70902777778,6347.2236111111115,4680.14375,1255.1451388888888,0.0,0.0,-0.7445940293218397,0.5762613414512845,-0.27943162511902697,0.7825440033134076,4057773.3248886187,16447986.207519704,12390212.882631086
2017-10-31,2017.0,10.0,0.5798657718120805,29180.887919463086,8155.846979865772,6853.640268456375,777.5214765100671,0.0,0.0,-0.6378321163815328,-0.20924803004878445,-0.8554361397900097,0.437692891189484,4359190.293116299,16627101.871254425,12267911.578138126
2017-11-30,2017.0,11.0,0.6,33752.220138888886,7748.513888888889,6620.910416666667,582.3673611111111,0.0,0.0,0.16698845809154989,0.10718792515884785,-0.9530905186442078,-0.7879213002498073,2218049.240170479,15320802.820392104,13102753.580221625
2017-12-31,2017.0,12.0,0.5161290322580645,34789.646505376346,7828.846774193548,6958.815188172043,333.76344086021504,0.0,0.12903225806451613,1.4988220829145296,0.5077449997456479,-1.3265536396169542,-1.127685753625208,1597364.9427917358,15413490.68666051,13816125.743868774
2018-01-31,2018.0,1.0,0.6129032258064516,35372.9751344086,8792.057123655914,7937.930107526881,398.9092741935484,1.0,0.0967741935483871,0.8106750048112252,0.9362616736990897,-1.2530778637715925,-1.1213950719282317,-1150042.1647781376,13619110.228703655,14769152.393481793
2018-02-28,2018.0,2.0,0.5714285714285714,35927.104166666664,8213.47544642857,6851.5014880952385,904.7239583333334,1.0,0.0,2.3228994480505856,-0.7498668040373809,-0.47483642291543676,-1.5692510237097423,-97282.82347413152,14431619.223323882,14528902.046798013
2018-03-31,2018.0,3.0,0.5491251682368775,34734.1467025572,7778.216689098251,6529.185060565276,968.3176312247645,1.0,0.1278600269179004,1.5073177258540766,0.5621960166105845,-0.6082963856464437,-1.2425414258990348,2877031.8310823683,15860484.590946067,12983452.759863699
2018-04-30,2018.0,4.0,0.5666666666666667,29823.570833333335,7377.215277777777,5629.482638888889,1405.9069444444444,0.0,0.5,-0.3738603536170378,-0.17684824959485712,0.19401637939683172,-0.18528655571665467,2700430.2225190066,15495162.752063494,12794732.529544488
2018-05-31,2018.0,5.0,0.6129032258064516,26509.5436827957,6596.60752688172,4031.0060483870966,2281.5436827956987,0.0,0.45161290322580644,-0.6642292926579824,-1.0211953658237851,1.8559083662188691,0.60454186905279,2541326.6824985463,16203982.119432837,13662655.43693429
2018-06-30,2018.0,6.0,0.5333333333333333,26007.94027777778,5800.029861111111,3289.077083333333,2368.523611111111,0.0,0.0,-0.7610189390049639,-1.6482978916641582,1.814365919637872,1.3023707650474217,2009541.7722458541,16527017.624044312,14517475.851798458
2018-07-31,2018.0,7.0,0.5806451612903226,26524.255376344085,5070.595430107527,2652.9563172043013,2296.747983870968,0.0,0.0,-0.7610189390049639,-1.0307100395822522,1.7289394107661433,1.8805227433181333,717336.5948900189,16323401.187236821,15606064.592346802
2018-08-31,2018.0,8.0,0.5806451612903226,26212.03696236559,6126.333333333333,4243.42876344086,1670.4798387096773,0.0,0.22580645161290322,-0.7522198802461474,-0.2653667874826204,0.41842324036707745,1.5118707580783384,89694.98453662358,16264134.23667292,16174439.252136296
2018-09-30,2018.0,9.0,0.5333333333333333,26851.8,8270.027777777777,6390.561111111111,1482.7715277777777,0.0,0.0,-0.7117442099555914,0.08175844503134921,0.2742864806175899,0.792744377505924,1368310.0244946461,16899966.249732442,15531656.225237796
2018-10-31,2018.0,10.0,0.6120805369127517,29520.56711409396,8561.136241610739,6934.240268456376,1031.3536912751679,0.0,0.0,-0.208802147934411,0.09385669125232146,-0.18384517326630279,0.13482024208860952,1582226.098905716,16829728.636009883,15247502.537104167
2018-11-30,2018.0,11.0,0.5666666666666667,32913.245833333334,9403.893055555556,8361.352083333333,518.0027777777777,0.0,0.0,-0.3532280779067094,0.8059926048172432,-0.9768685539517881,-0.4182591983790995,353628.8548004795,16392616.97086789,16038988.116067411
2018-12-31,2018.0,12.0,0.5483870967741935,32946.844086021505,8374.976478494624,7490.137096774193,299.179435483871,0.0,0.12903225806451613,0.054562783191545026,0.6427108251869171,-1.5314225329950928,-0.7506507022386892,-318540.452739045,15215638.27072609,15534178.723465135
2019-01-31,2019.0,1.0,0.6129032258064516,35438.55174731183,7716.7244623655915,6825.408602150537,429.31854838709677,1.0,0.0967741935483871,1.7939670117032354,-0.921081296553813,-1.2834096734831848,-1.3012093605783626,-756063.19025282,15276736.142866056,16032799.333118876
2019-02-28,2019.0,2.0,0.5714285714285714,33117.07663690476,9214.060267857143,7733.200892857143,989.9159226190476,1.0,0.0,0.6820266974409425,-0.6427198178078998,-0.34728509671624797,-0.7292131026307906,-1904400.3542699069,13051684.31427034,14956084.668540247
2019-03-31,2019.0,3.0,0.5168236877523553,30579.0,10205.383580080754,8323.935397039031,1288.0235531628532,1.0,0.12920592193808883,-0.30477144780707116,0.6723384392415533,-0.06141385654643102,-0.5579769674911553,-3769432.6098688915,10951643.309535049,14721075.91940394
2019-04-30,2019.0,4.0,0.6,28529.799305555556,8253.011805555556,6092.740972222222,1883.795138888889,0.0,0.5,-0.18908011968189117,-1.138851849690974,0.7416732617565407,-0.20546312005350045,-3516468.6052013244,11062933.653049935,14579402.25825126
2019-05-31,2019.0,5.0,0.5806451612903226,26732.21572580645,6283.024193548387,4012.7883064516127,2092.7721774193546,0.0,0.45161290322580644,-0.49704717624046885,-0.9265067987250736,1.1481337856846854,0.1783119474369216,-4589661.340173611,10942112.340324676,15531773.680498287
2019-06-30,2019.0,6.0,0.5333333333333333,25643.74722222222,7597.830555555555,5411.113888888889,1919.975,0.0,0.0,-0.7610189390049639,0.4716118934486116,0.5661398673521735,0.9118141300993383,-5264828.921868259,11191976.98229256,16456805.90416082
2019-07-31,2019.0,7.0,0.6129032258064516,25742.460349462366,6820.305107526881,4477.2963709677415,2065.005376344086,0.0,0.0,-0.7610189390049639,-0.20049833130910003,0.9739685343207213,1.644055277490702,-4711807.127159599,11677850.131838886,16389657.258998485
2019-08-31,2019.0,8.0,0.5483870967741935,24719.801747311827,8752.656586021505,6415.055107526881,1930.3575268817203,0.0,0.22580645161290322,-0.7610189390049639,0.6347854939364185,0.8374389924469011,1.5557973031752892,-3657693.5469903573,12760629.459264778,16418323.006255135
2019-09-30,2019.0,9.0,0.5666666666666667,26075.131944444445,8832.372222222222,6792.858333333334,1534.0784722222222,0.0,0.0,-0.7440276531258698,0.555762539370208,0.37662957503270467,0.9518918602655586,-2800948.556296598,13169970.993758243,15970919.55005484
2019-10-31,2019.0,10.0,0.6120805369127517,29758.170469798657,9162.151006711409,7808.597315436242,826.4771812080537,0.0,0.0,-0.472167079060367,1.3237975430748639,-0.7006021489607619,0.0022018492381591834,-2378624.725496238,13182913.83215865,15561538.557654887
2019-11-30,2019.0,11.0,0.5333333333333333,33692.626388888886,7655.39375,6901.475694444444,446.4736111111111,0.0,0.0,0.4028841437129708,0.9717546140115741,-1.296367422591977,-0.8407494981566735,-2135922.5835506283,13738511.769734649,15874434.353285277
2019-12-31,2019.0,12.0,0.5806451612903226,32514.78696236559,10325.899193548386,9348.315860215054,374.4361559139785,0.0,0.12903225806451613,0.3248500900460208,0.8965726553526742,-1.325558756258414,-0.9141182373751718,-2036378.7218175698,13476590.956304563,15512969.678122133
2020-01-31,2020.0,1.0,0.5806451612903226,32805.594086021505,11448.01680107527,10355.747311827958,397.179435483871,1.0,0.0967741935483871,-0.030697062023194138,0.29412046527450686,-1.348900689633175,-0.8439673122966013,-4842412.610173788,11153285.658512976,15995698.268686764
2020-02-29,2020.0,2.0,0.5517241379310345,31909.54382183908,13827.301724137931,12323.614942528735,755.7478448275862,1.0,0.0,0.004499173012071854,2.5316265781665854,-0.9117115445534458,-0.9469518594325853,-2645844.6052924227,10405839.708977917,13051684.31427034
2020-03-31,2020.0,3.0,0.5814266487213997,29663.677658142664,11493.334454912518,9303.978465679676,1523.4414535666217,1.0,0.1278600269179004,0.30943207137795414,-0.5252563594695185,0.29641656898316804,-0.814369220072579,-729018.529837992,10222624.779697057,10951643.309535049
2020-04-30,2020.0,4.0,0.6,23027.58125,8572.477083333333,5953.426388888889,2237.434027777778,0.0,0.5,-0.22579343381350486,-1.633234773320697,1.6183011016621387,-0.028236933166564962,2135237.5730904285,13198171.226140363,11062933.653049935
2020-05-31,2020.0,5.0,0.5161290322580645,21610.885080645163,8349.380376344086,5400.6303763440865,2652.6223118279568,0.0,0.45161290322580644,-0.3535548334043843,-1.6425027398944156,2.5106629433771896,0.4679620489264489,6109943.027228126,17052055.367552802,10942112.340324676
2020-06-30,2020.0,6.0,0.6,22674.983333333334,8190.166666666667,5839.158333333334,2071.8333333333335,0.0,0.0,-0.7515430295723923,0.28420636083597034,0.635465537939349,1.062330006682699,7918747.089245064,19110724.071537625,11191976.98229256
2020-07-31,2020.0,7.0,0.5806451612903226,23350.02889784946,8037.825940860215,5697.6411290322585,1952.1444892473119,0.0,0.0,,,,,8826432.341949822,20504282.47378871,11677850.131838886
2020-08-31,2020.0,8.0,0.5483870967741935,24295.801747311827,7731.825940860215,5772.625672043011,1699.4966397849462,0.0,0.22580645161290322,,,,,7984544.057634674,20745173.51689945,12760629.459264778
2020-09-30,2020.0,9.0,0.6,25526.786111111112,9060.945833333333,7128.895138888889,1598.6166666666666,0.0,0.0,,,,,7753773.257913902,20923744.251672145,13169970.993758243
2020-10-31,2020.0,10.0,0.5476510067114094,28757.312080536914,9820.864429530202,8578.448322147651,737.3375838926174,0.0,0.0,,,,,7425971.611872902,20608885.44403155,13182913.83215865
2020-11-30,2020.0,11.0,0.5666666666666667,30095.516666666666,9638.411805555555,8432.327083333334,510.43333333333334,0.0,0.0,,,,,3889252.326683162,17627764.09641781,13738511.769734649
2020-12-31,2020.0,12.0,0.6129032258064516,32232.896505376346,9704.209677419354,8729.380376344086,325.9516129032258,0.0,0.12903225806451613,,,,,3884681.8106442597,17361272.766948823,13476590.956304563
2021-01-31,2021.0,1.0,0.5161290322580645,33777.479838709674,8779.913978494624,7949.736559139785,364.76881720430106,1.0,0.0967741935483871,,,,,7283863.067407928,18437148.725920904,11153285.658512976
2021-02-28,2021.0,2.0,0.5714285714285714,31839.606398809523,11864.40625,10673.55431547619,768.6778273809524,1.0,0.0,,,,,7972384.2191871945,18378223.92816511,10405839.708977917
2021-03-31,2021.0,3.0,0.6137281292059219,29552.405787348587,10012.340511440108,8269.524226110363,1253.7422611036338,1.0,0.1278600269179004,,,,,8107550.637874845,18330175.417571902,10222624.779697057
2021-04-30,2021.0,4.0,0.5666666666666667,27544.989583333332,7856.125,5159.672222222222,2253.3729166666667,0.0,0.5,,,,,3382222.838075364,16580394.064215727,13198171.226140363
2021-05-31,2021.0,5.0,0.5483870967741935,26418.520161290322,8052.2231182795695,5787.497983870968,1978.8931451612902,0.0,0.45161290322580644,,,,,-3785001.679843677,13267053.687709125,17052055.367552802
2021-06-30,2021.0,6.0,0.6,24992.96736111111,7001.728472222222,4649.355555555556,2189.1041666666665,0.0,0.0,,,,,-7642482.708307302,11468241.363230323,19110724.071537625
2021-07-31,2021.0,7.0,0.5483870967741935,25058.620967741936,5697.7446236559135,3411.119623655914,2145.9831989247314,0.0,0.0,,,,,-10299019.631349973,10205262.842438735,20504282.47378871
2021-08-31,2021.0,8.0,0.5806451612903226,24729.497311827956,7213.254704301075,5373.646505376344,1662.8548387096773,0.0,0.22580645161290322,,,,,-10843221.296589406,9901952.220310045,20745173.51689945
2021-09-30,2021.0,9.0,0.6,26004.291666666668,6941.319444444444,5321.709722222222,1450.4166666666667,0.0,0.0,,,,,-11250263.136980657,9673481.114691488,20923744.251672145
2021-10-31,2021.0,10.0,0.5154362416107383,27250.68724832215,11377.074496644294,9944.842281879195,915.468456375839,0.0,0.0,,,,,-10839464.37891321,9769421.06511834,20608885.44403155
2021-11-30,2021.0,11.0,0.6,31179.779166666667,10845.380555555555,9629.33888888889,574.75,0.0,0.0,,,,,-7404724.330645729,10223039.765772082,17627764.09641781
2021-12-31,2021.0,12.0,0.5806451612903226,32017.905241935485,10069.157930107527,9288.383736559139,256.6404569892473,0.0,0.12903225806451613,,,,,-7284917.514408054,10076355.252540769,17361272.766948823
2022-01-31,2022.0,1.0,0.5483870967741935,32762.600134408603,11179.672043010753,10182.661962365592,521.2197580645161,1.0,0.0967741935483871,,,,,-9273895.642959382,9163253.082961522,18437148.725920904
2022-02-28,2022.0,2.0,0.5714285714285714,30422.25074404762,15992.683035714286,14500.170386904761,829.7135416666666,1.0,0.0,,,,,-10112456.246997057,8413172.37155485,18525628.618551906
2022-03-31,2022.0,3.0,0.6137281292059219,29263.35060565276,9939.192462987887,7888.699192462988,1572.9946164199193,1.0,0.12920592193808883,,,,,-8911823.829627171,8347020.11987839,17258843.94950556
2022-04-30,2022.0,4.0,0.5333333333333333,25971.95486111111,9810.73125,7491.449305555556,2045.2354166666667,0.0,0.5,,,,,-8087791.931680368,8722576.824962424,16810368.756642792
2022-05-31,2022.0,5.0,0.5806451612903226,23845.997311827956,10111.94690860215,7708.122311827957,2101.2681451612902,0.0,0.45161290322580644,,,,,-5290364.822402032,10016597.103622124,15306961.926024156
2022-06-30,2022.0,6.0,0.6,22853.75138888889,9229.303472222222,6565.0569444444445,2400.7430555555557,0.0,0.0,,,,,-1373085.387089042,11486497.196404414,12859582.583493456
2022-07-31,2022.0,7.0,0.5161290322580645,23282.50739247312,8441.793010752688,5925.827284946236,2261.3434139784945,0.0,0.0,,,,,1303369.9424460437,12574389.896486081,11271019.954040037
2022-08-31,2022.0,8.0,0.6129032258064516,23332.897849462366,7123.325268817204,4772.70497311828,2162.1579301075267,0.0,0.22580645161290322,,,,,3073475.9065854866,13431645.973398179,10358170.066812692
2022-09-30,2022.0,9.0,0.3333333333333333,23554.215277777777,8921.958333333334,7266.861111111111,1530.0555555555557,0.0,0.0,,,,,5020983.748764204,14530909.635640977,9509925.886876773
